id,first_name,last_name,email,gender,ip_address
1,Jillie,Beddon,jbeddon0@taobao.com,Female,204.21.163.192
2,Padget,Somerfield,psomerfield1@stumbleupon.com,Male,214.253.239.239
3,Towney,Hobbema,thobbema2@a8.net,Male,124.102.14.8
4,Kerrill,Derry,kderry3@acquirethisname.com,Female,249.181.187.62
5,Arni,Tower,atower4@phoca.cz,Male,229.156.6.77
6,Olga,Stallard,ostallard5@dedecms.com,Female,178.150.81.225
7,Rayna,Dobbinson,rdobbinson6@dyndns.org,Female,167.86.23.248
8,Corrinne,Cowsby,ccowsby7@surveymonkey.com,Female,229.123.157.199
9,Glyn,Malmar,gmalmar8@phpbb.com,Female,212.32.36.57
10,Bentley,Deluce,bdeluce9@weather.com,Male,211.48.105.36
11,Titos,Stroud,tstrouda@t-online.de,Male,108.18.60.114
12,Fanya,Rickell,frickellb@shinystat.com,Female,138.244.168.20
13,Daven,Isherwood,disherwoodc@china.com.cn,Male,167.16.86.82
14,Netti,Worms,nwormsd@ycombinator.com,Female,106.59.212.12
15,Lynn,Arthars,lartharse@tripadvisor.com,Male,66.105.30.161
16,Dara,Mollison,dmollisonf@ft.com,Female,217.76.149.193
17,Gates,Startin,gstarting@google.co.jp,Female,100.96.118.123
18,Arch,Graysmark,agraysmarkh@phoca.cz,Male,150.99.146.229
19,Rhodia,Aneley,raneleyi@twitpic.com,Female,28.203.30.28
20,Shirlene,Reymers,sreymersj@addtoany.com,Female,197.193.56.112
21,Arturo,Harpham,aharphamk@indiatimes.com,Male,17.143.234.111
22,Price,Creelman,pcreelmanl@unesco.org,Male,37.94.63.195
23,Kort,Sotheron,ksotheronm@time.com,Male,60.202.235.95
24,Sianna,Matchell,smatchelln@cmu.edu,Female,189.79.60.118
25,Cristal,Fishwick,cfishwicko@dagondesign.com,Female,21.64.234.192
26,Piggy,Pealing,ppealingp@tiny.cc,Male,185.136.110.120
27,Ozzy,Burndred,oburndredq@blogs.com,Male,231.15.215.148
28,Archie,MacMaster,amacmasterr@ustream.tv,Male,74.217.218.102
29,Mohandis,Eyrl,meyrls@csmonitor.com,Male,97.73.190.29
30,Erwin,Antyshev,eantyshevt@indiatimes.com,Male,157.10.146.114
31,Carmina,Lambertson,clambertsonu@geocities.jp,Female,194.98.123.9
32,Kyle,Drinkhill,kdrinkhillv@jugem.jp,Female,139.191.32.132
33,Lorrie,Kilgallen,lkilgallenw@booking.com,Male,235.202.82.144
34,Sigfried,Tomczak,stomczakx@wired.com,Male,42.196.115.192
35,Louisa,Renac,lrenacy@cnet.com,Female,198.15.46.33
36,Stesha,Beckett,sbeckettz@deliciousdays.com,Female,207.145.250.77
37,Griz,Simcoe,gsimcoe10@parallels.com,Male,203.220.217.77
38,Cary,Karel,ckarel11@prweb.com,Male,18.11.151.80
39,Yancy,Dooney,ydooney12@sbwire.com,Male,87.142.102.193
40,Meredithe,Dunderdale,mdunderdale13@feedburner.com,Female,194.30.162.8
41,Casandra,Pescod,cpescod14@washingtonpost.com,Female,222.164.16.105
42,Staci,Ebbins,sebbins15@tripod.com,Female,251.19.241.170
43,Smitty,Qualtro,squaltro16@usda.gov,Male,247.141.237.87
44,Myrta,Gladdor,mgladdor17@xinhuanet.com,Female,5.211.39.63
45,Norby,Archbald,narchbald18@ox.ac.uk,Male,207.85.251.17
46,Lela,Mcwhinney,lmcwhinney19@google.it,Female,84.248.62.20
47,Julie,Fydo,jfydo1a@gov.uk,Male,161.222.7.15
48,Ruthi,Stroder,rstroder1b@phpbb.com,Female,184.253.181.211
49,Durward,Peploe,dpeploe1c@usatoday.com,Male,49.97.237.157
50,Kit,Whiffen,kwhiffen1d@lycos.com,Male,163.150.115.33
51,Lyman,O' Mara,lomara1e@vistaprint.com,Male,108.220.22.16
52,Brigg,Mallia,bmallia1f@ask.com,Male,142.95.36.224
53,Hirsch,Robertsen,hrobertsen1g@furl.net,Male,89.167.70.149
54,Kermie,Straniero,kstraniero1h@acquirethisname.com,Male,80.5.182.231
55,Turner,Gentzsch,tgentzsch1i@creativecommons.org,Male,19.25.28.224
56,Donny,Remington,dremington1j@blog.com,Male,50.139.254.112
57,Garek,Hatchard,ghatchard1k@yolasite.com,Male,108.29.163.111
58,Daffy,Goskar,dgoskar1l@elpais.com,Female,47.87.52.67
59,Kiel,Gronowe,kgronowe1m@1688.com,Male,163.167.213.7
60,Elle,Lissemore,elissemore1n@examiner.com,Female,234.51.193.176
61,Norina,Bessell,nbessell1o@seattletimes.com,Female,84.199.194.81
62,Shanda,Peasegood,speasegood1p@webmd.com,Female,172.53.189.157
63,Drucill,Butterfint,dbutterfint1q@constantcontact.com,Female,107.223.85.88
64,Consuela,Comley,ccomley1r@canalblog.com,Female,242.224.240.73
65,Demetri,Ferrand,dferrand1s@census.gov,Male,17.29.49.64
66,Kendell,O'Hagerty,kohagerty1t@networkadvertising.org,Male,26.250.161.218
67,Fletch,Kincey,fkincey1u@go.com,Male,98.112.120.50
68,Bald,Fransoni,bfransoni1v@chicagotribune.com,Male,38.140.206.49
69,Ginnie,Dallaway,gdallaway1w@nymag.com,Female,150.58.76.245
70,Katuscha,Coard,kcoard1x@rambler.ru,Female,167.176.250.95
71,Randell,Holde,rholde1y@theatlantic.com,Male,252.195.178.59
72,Verney,McCritchie,vmccritchie1z@last.fm,Male,138.152.204.119
73,Jeffrey,Roskelly,jroskelly20@ucsd.edu,Male,0.32.206.83
74,Sam,Siddeley,ssiddeley21@jigsy.com,Male,139.135.245.68
75,Deena,Vowden,dvowden22@state.tx.us,Female,133.77.222.0
76,Ewan,Burless,eburless23@list-manage.com,Male,250.79.73.1
77,Darrick,Yeabsley,dyeabsley24@miitbeian.gov.cn,Male,85.137.239.141
78,Drona,Renad,drenad25@sitemeter.com,Female,11.149.67.1
79,Shea,Housen,shousen26@free.fr,Male,10.201.109.21
80,Nigel,Kesey,nkesey27@alibaba.com,Male,175.186.164.123
81,Gwendolyn,Ship,gship28@fotki.com,Female,127.250.92.209
82,Wright,Tofano,wtofano29@webnode.com,Male,134.173.250.245
83,Eleonora,Enstone,eenstone2a@amazon.co.uk,Female,253.255.76.243
84,Cathrine,Toulamain,ctoulamain2b@cnet.com,Female,175.78.3.177
85,Nealy,Dollard,ndollard2c@nsw.gov.au,Male,157.139.222.92
86,Cy,Bartod,cbartod2d@howstuffworks.com,Male,93.137.48.163
87,Christiane,Sphinxe,csphinxe2e@admin.ch,Female,250.125.95.31
88,Delmer,Sandbach,dsandbach2f@hatena.ne.jp,Male,241.162.50.246
89,Sybila,Cantillion,scantillion2g@google.com.hk,Female,18.65.158.41
90,Wendi,Eixenberger,weixenberger2h@biblegateway.com,Female,76.61.246.143
91,Kristel,Storer,kstorer2i@goo.gl,Female,41.150.161.34
92,Walsh,Haliburn,whaliburn2j@google.it,Male,136.39.127.240
93,Bartlett,Christoforou,bchristoforou2k@whitehouse.gov,Male,192.33.202.83
94,Vinni,Crummy,vcrummy2l@abc.net.au,Female,130.83.169.242
95,Magdalena,Bossom,mbossom2m@networksolutions.com,Female,32.93.227.112
96,Belita,Rispen,brispen2n@businessweek.com,Female,201.54.229.34
97,Elwira,Pusey,epusey2o@smh.com.au,Female,80.152.222.204
98,Mattie,Mathevon,mmathevon2p@nature.com,Male,155.46.19.63
99,Janenna,Hirsch,jhirsch2q@hugedomains.com,Female,99.241.67.26
100,Berkley,Hollingshead,bhollingshead2r@va.gov,Male,190.11.221.153
101,Stephana,Featherstonhaugh,sfeatherstonhaugh2s@nature.com,Female,22.209.7.198
102,Rossie,Surgen,rsurgen2t@jalbum.net,Male,157.199.151.218
103,Hersh,Carlton,hcarlton2u@163.com,Male,225.30.108.244
104,Theo,Glassman,tglassman2v@princeton.edu,Male,34.225.173.35
105,Harrietta,Shepheard,hshepheard2w@comcast.net,Female,55.92.139.178
106,Lita,Heaford,lheaford2x@nydailynews.com,Female,26.115.37.63
107,Noak,Targetter,ntargetter2y@dagondesign.com,Male,138.241.13.18
108,Dorolice,Guidera,dguidera2z@1688.com,Female,150.109.247.237
109,Gayle,Rickerd,grickerd30@surveymonkey.com,Female,44.182.173.226
110,Romain,Ballantine,rballantine31@state.gov,Male,239.145.23.193
111,Bobby,Conduit,bconduit32@twitter.com,Male,88.227.214.18
112,Deb,Skirvin,dskirvin33@deviantart.com,Female,51.100.237.26
113,Travers,Phippen,tphippen34@usa.gov,Male,159.250.25.30
114,Reese,Gummer,rgummer35@github.com,Male,228.123.131.221
115,Rafael,Newstead,rnewstead36@feedburner.com,Male,123.228.15.91
116,Crissy,McGreil,cmcgreil37@furl.net,Female,182.228.148.209
117,Tessy,Cutajar,tcutajar38@drupal.org,Female,128.68.52.244
118,Timmie,de Courcy,tdecourcy39@linkedin.com,Male,185.78.98.251
119,Rodolph,Cowap,rcowap3a@posterous.com,Male,161.227.183.204
120,Wesley,Piff,wpiff3b@patch.com,Male,202.186.134.114
121,Felecia,Greedier,fgreedier3c@edublogs.org,Female,99.97.162.164
122,Irene,Helks,ihelks3d@hubpages.com,Female,6.189.47.227
123,Dyan,Mecchi,dmecchi3e@smugmug.com,Female,109.185.127.120
124,Ruddie,Blackater,rblackater3f@geocities.jp,Male,58.84.155.237
125,Eldon,Banbrigge,ebanbrigge3g@youtube.com,Male,54.147.69.150
126,Katheryn,Farncomb,kfarncomb3h@yelp.com,Female,242.110.95.157
127,Radcliffe,Bohlsen,rbohlsen3i@de.vu,Male,103.250.253.68
128,Tani,Meeron,tmeeron3j@ucoz.ru,Female,255.155.176.226
129,Terrell,Frances,tfrances3k@ameblo.jp,Male,213.197.145.88
130,Valera,Yetman,vyetman3l@github.io,Female,26.77.129.225
131,Grove,Nowlan,gnowlan3m@canalblog.com,Male,199.53.38.154
132,Mathew,Limmer,mlimmer3n@woothemes.com,Male,198.123.43.154
133,Josh,Loughhead,jloughhead3o@deviantart.com,Male,147.40.19.19
134,Rorke,Band,rband3p@newsvine.com,Male,8.128.189.154
135,Cecelia,Jeanequin,cjeanequin3q@alexa.com,Female,212.205.6.108
136,Ric,Chinnock,rchinnock3r@npr.org,Male,87.218.128.131
137,Beatrice,Plews,bplews3s@uol.com.br,Female,179.28.110.0
138,Belva,Weiner,bweiner3t@jigsy.com,Female,65.47.85.112
139,Gustie,Ring,gring3u@abc.net.au,Female,27.194.231.247
140,Michaelina,Porson,mporson3v@linkedin.com,Female,45.132.125.153
141,Myrta,Hyne,mhyne3w@nationalgeographic.com,Female,68.86.114.239
142,Ingaberg,Nicklinson,inicklinson3x@globo.com,Female,237.126.105.205
143,Samuel,Birckmann,sbirckmann3y@sbwire.com,Male,57.138.86.139
144,Anissa,Aubury,aaubury3z@buzzfeed.com,Female,178.72.126.36
145,Avis,Jindacek,ajindacek40@yellowbook.com,Female,62.7.138.64
146,Cyril,Luparti,cluparti41@spotify.com,Male,33.54.82.51
147,Wendel,Kobelt,wkobelt42@dedecms.com,Male,230.0.117.197
148,Adrianne,Simak,asimak43@github.io,Female,2.105.50.4
149,Darnell,Offen,doffen44@yelp.com,Male,154.124.246.245
150,Yolanthe,Pallaske,ypallaske45@omniture.com,Female,197.239.46.226
151,Jillana,Geffe,jgeffe46@imdb.com,Female,94.100.161.109
152,Kalil,McLucky,kmclucky47@weebly.com,Male,53.226.113.31
153,Lorin,Tremblay,ltremblay48@springer.com,Male,143.244.235.223
154,Quinn,Pierson,qpierson49@newyorker.com,Female,72.189.252.19
155,Desmond,Benardet,dbenardet4a@a8.net,Male,193.95.117.228
156,Agnella,Prine,aprine4b@state.gov,Female,191.190.79.28
157,Northrup,Eallis,neallis4c@zdnet.com,Male,121.222.94.55
158,Jarid,Pauli,jpauli4d@senate.gov,Male,223.249.211.116
159,Sibby,Urry,surry4e@ihg.com,Female,181.114.142.181
160,Gertrud,Mattam,gmattam4f@msn.com,Female,95.24.16.117
161,Robbin,Walker,rwalker4g@npr.org,Female,29.244.92.98
162,Stanislaw,Puddifer,spuddifer4h@photobucket.com,Male,89.75.144.168
163,Jess,Pach,jpach4i@slashdot.org,Female,6.65.146.157
164,Alexandro,Bosse,abosse4j@sina.com.cn,Male,103.148.200.82
165,Jenica,Ciobotaru,jciobotaru4k@seattletimes.com,Female,39.107.234.59
166,Meredith,Bulmer,mbulmer4l@rediff.com,Female,199.142.111.250
167,Wandie,Playdon,wplaydon4m@sfgate.com,Female,21.253.237.222
168,Zaccaria,Chantillon,zchantillon4n@jugem.jp,Male,165.213.10.43
169,Hunfredo,Baptiste,hbaptiste4o@sina.com.cn,Male,175.190.115.12
170,Alana,Queyos,aqueyos4p@diigo.com,Female,127.1.44.206
171,Hatti,Skyrm,hskyrm4q@intel.com,Female,45.211.134.92
172,Raphaela,Lassey,rlassey4r@flickr.com,Female,129.240.131.4
173,Coletta,Le Noire,clenoire4s@phpbb.com,Female,218.100.87.12
174,Westleigh,Lacey,wlacey4t@newyorker.com,Male,141.82.108.167
175,Mab,Guerreiro,mguerreiro4u@flavors.me,Female,196.194.114.54
176,Meara,Temprell,mtemprell4v@stumbleupon.com,Female,57.129.217.59
177,Arden,Getcliffe,agetcliffe4w@posterous.com,Female,163.137.106.54
178,Sayers,Ciccottio,sciccottio4x@google.ru,Male,65.53.116.183
179,Brenda,O'Toole,botoole4y@techcrunch.com,Female,142.46.163.39
180,Marianna,Jannequin,mjannequin4z@google.co.jp,Female,122.117.139.159
181,Hermon,Walby,hwalby50@yahoo.co.jp,Male,3.240.18.175
182,Ripley,Cotton,rcotton51@usatoday.com,Male,101.157.254.214
183,Siobhan,Sisland,ssisland52@macromedia.com,Female,28.195.98.58
184,Velvet,Gullyes,vgullyes53@zimbio.com,Female,101.227.214.127
185,Noach,Bance,nbance54@alibaba.com,Male,133.132.205.174
186,Ossie,Martinie,omartinie55@imgur.com,Male,190.164.44.36
187,Nadeen,Swendell,nswendell56@dedecms.com,Female,10.215.252.253
188,Inna,Hail,ihail57@gizmodo.com,Female,54.71.99.243
189,Basilio,Sparshatt,bsparshatt58@liveinternet.ru,Male,161.223.25.104
190,Berti,Quincey,bquincey59@over-blog.com,Male,61.102.210.215
191,Hal,Churchlow,hchurchlow5a@nbcnews.com,Male,248.247.114.211
192,Bill,Birdfield,bbirdfield5b@independent.co.uk,Male,116.149.15.125
193,Blakeley,Lemonnier,blemonnier5c@time.com,Female,117.182.168.0
194,Theresita,Krammer,tkrammer5d@apache.org,Female,224.172.117.138
195,Dayle,Thomasen,dthomasen5e@businessweek.com,Female,199.193.53.142
196,Brooke,Galtone,bgaltone5f@gizmodo.com,Female,111.96.251.147
197,Margarita,Manger,mmanger5g@guardian.co.uk,Female,63.93.142.91
198,Flint,Aubin,faubin5h@wix.com,Male,62.150.236.172
199,Natalya,Berrane,nberrane5i@livejournal.com,Female,72.52.183.154
200,Haley,Greggor,hgreggor5j@youtu.be,Male,167.249.73.127
201,Cecily,Gerling,cgerling5k@moonfruit.com,Female,106.77.99.63
202,Dorey,Cosens,dcosens5l@wisc.edu,Male,110.118.160.200
203,Jarrad,Frankowski,jfrankowski5m@aol.com,Male,193.100.123.173
204,Ruperto,Pothecary,rpothecary5n@europa.eu,Male,246.172.35.45
205,Brandyn,Eustace,beustace5o@census.gov,Male,27.34.213.59
206,Shandee,Skeats,sskeats5p@php.net,Female,207.126.131.222
207,Reube,Issac,rissac5q@auda.org.au,Male,236.167.65.142
208,Hillyer,Awmack,hawmack5r@canalblog.com,Male,207.2.192.218
209,Ham,Ainscow,hainscow5s@paypal.com,Male,143.233.204.139
210,Willabella,Bartoleyn,wbartoleyn5t@addthis.com,Female,220.200.82.80
211,Sampson,Wholesworth,swholesworth5u@washingtonpost.com,Male,80.120.241.132
212,Olenka,Caras,ocaras5v@howstuffworks.com,Female,235.7.87.135
213,Griffith,O'Lagen,golagen5w@indiatimes.com,Male,53.144.107.159
214,Consalve,Rash,crash5x@goo.ne.jp,Male,207.33.183.38
215,Justinn,Yeoland,jyeoland5y@google.co.jp,Female,35.130.70.17
216,Neddy,Durnford,ndurnford5z@blogtalkradio.com,Male,149.38.222.249
217,Carlin,Janosevic,cjanosevic60@yelp.com,Male,115.183.38.108
218,Harcourt,Ikins,hikins61@jalbum.net,Male,115.192.212.169
219,Daria,Gonsalo,dgonsalo62@about.com,Female,178.102.6.141
220,Lee,Chessill,lchessill63@wikispaces.com,Female,246.59.14.30
221,Gualterio,Birtwisle,gbirtwisle64@examiner.com,Male,234.24.56.64
222,Elly,MacAlister,emacalister65@squarespace.com,Female,52.219.101.119
223,Moll,Broscombe,mbroscombe66@wsj.com,Female,29.37.144.74
224,Maurie,Lesaunier,mlesaunier67@t-online.de,Male,194.42.244.77
225,Catharine,Balmer,cbalmer68@thetimes.co.uk,Female,208.239.203.238
226,Abdul,Kilfeder,akilfeder69@wufoo.com,Male,212.239.204.22
227,Ailsun,Mitchall,amitchall6a@wordpress.org,Female,164.15.110.217
228,Sayres,Coyle,scoyle6b@businesswire.com,Male,193.180.42.232
229,Bent,Mauvin,bmauvin6c@vistaprint.com,Male,51.233.72.112
230,Phedra,Moizer,pmoizer6d@networksolutions.com,Female,90.195.180.139
231,Balduin,Crossingham,bcrossingham6e@about.com,Male,50.150.4.48
232,Mollee,Scones,mscones6f@ebay.com,Female,83.78.10.35
233,Walton,Thominga,wthominga6g@sakura.ne.jp,Male,91.216.146.46
234,Judd,Harbin,jharbin6h@wufoo.com,Male,78.103.238.227
235,Kristofer,Lapish,klapish6i@toplist.cz,Male,1.225.181.241
236,Ashla,Esp,aesp6j@photobucket.com,Female,132.24.234.93
237,Marcille,Ramelet,mramelet6k@homestead.com,Female,134.168.155.145
238,Arnoldo,Scneider,ascneider6l@arstechnica.com,Male,16.226.93.101
239,Sholom,Roja,sroja6m@nationalgeographic.com,Male,228.197.141.16
240,Lorianna,Berwick,lberwick6n@samsung.com,Female,209.240.182.222
241,Stepha,Scholtis,sscholtis6o@miitbeian.gov.cn,Female,58.107.16.219
242,Didi,Inkster,dinkster6p@netlog.com,Female,86.84.44.247
243,Tammie,Simacek,tsimacek6q@stanford.edu,Female,221.36.97.218
244,Benetta,Wheowall,bwheowall6r@flickr.com,Female,76.153.123.134
245,Trefor,Back,tback6s@ibm.com,Male,7.87.17.167
246,Killian,Codd,kcodd6t@sun.com,Male,98.237.62.111
247,Natalya,Witchard,nwitchard6u@about.me,Female,210.11.200.159
248,Farand,Beggi,fbeggi6v@java.com,Female,183.188.100.88
249,Thadeus,Demonge,tdemonge6w@yahoo.co.jp,Male,141.7.186.122
250,Chloe,Shuttlewood,cshuttlewood6x@liveinternet.ru,Female,162.78.228.112
